Country,Subject Descriptor,Units,Scale,Country/Series-specific Notes,2019,Estimates Start After
Afghanistan,"Gross domestic product per capita, current prices",U.S. dollars,Units,"See notes for:  Gross domestic product, current prices (National currency) Population (Persons).","586,204",2019
Albania,"Gross domestic product per capita, current prices",U.S. dollars,Units,"See notes for:  Gross domestic product, current prices (National currency) Population (Persons).","5,305,074",2020
Algeria,"Gross domestic product per capita, current prices",U.S. dollars,Units,"See notes for:  Gross domestic product, current prices (National currency) Population (Persons).","3,939,536",2019
Andorra,"Gross domestic product per capita, current prices",U.S. dollars,Units,"See notes for:  Gross domestic product, current prices (National currency) Population (Persons).","40,688,491",2020
Angola,"Gross domestic product per capita, current prices",U.S. dollars,Units,"See notes for:  Gross domestic product, current prices (National currency) Population (Persons).","2,805,261",2017
Antigua and Barbuda,"Gross domestic product per capita, current prices",U.S. dollars,Units,"See notes for:  Gross domestic product, current prices (National currency) Population (Persons).","17,451,554",2011
Argentina,"Gross domestic product per capita, current prices",U.S. dollars,Units,"See notes for:  Gross domestic product, current prices (National currency) Population (Persons).","10,054,023",2019
Armenia,"Gross domestic product per capita, current prices",U.S. dollars,Units,"See notes for:  Gross domestic product, current prices (National currency) Population (Persons).","4,596,861",2020
Aruba,"Gross domestic product per capita, current prices",U.S. dollars,Units,"See notes for:  Gross domestic product, current prices (National currency) Population (Persons).","29,505,344",2019
Australia,"Gross domestic product per capita, current prices",U.S. dollars,Units,"See notes for:  Gross domestic product, current prices (National currency) Population (Persons).","54,476,913",2020
Austria,"Gross domestic product per capita, current prices",U.S. dollars,Units,"See notes for:  Gross domestic product, current prices (National currency) Population (Persons).","50,246,607",2019
Azerbaijan,"Gross domestic product per capita, current prices",U.S. dollars,Units,"See notes for:  Gross domestic product, current prices (National currency) Population (Persons).","4,826,352",2020
The Bahamas,"Gross domestic product per capita, current prices",U.S. dollars,Units,"See notes for:  Gross domestic product, current prices (National currency) Population (Persons).","34,575,624",2018
Bahrain,"Gross domestic product per capita, current prices",U.S. dollars,Units,"See notes for:  Gross domestic product, current prices (National currency) Population (Persons).","25,925,275",2020
Bangladesh,"Gross domestic product per capita, current prices",U.S. dollars,Units,"See notes for:  Gross domestic product, current prices (National currency) Population (Persons).","1,854,668",2020
Barbados,"Gross domestic product per capita, current prices",U.S. dollars,Units,"See notes for:  Gross domestic product, current prices (National currency) Population (Persons).","18,448,826",2019
Belarus,"Gross domestic product per capita, current prices",U.S. dollars,Units,"See notes for:  Gross domestic product, current prices (National currency) Population (Persons).","6,831,516",2020
Belgium,"Gross domestic product per capita, current prices",U.S. dollars,Units,"See notes for:  Gross domestic product, current prices (National currency) Population (Persons).","46,555,088",2020
Belize,"Gross domestic product per capita, current prices",U.S. dollars,Units,"See notes for:  Gross domestic product, current prices (National currency) Population (Persons).","4,853,321",2020
Benin,"Gross domestic product per capita, current prices",U.S. dollars,Units,"See notes for:  Gross domestic product, current prices (National currency) Population (Persons).","1,218,278",2017
Bhutan,"Gross domestic product per capita, current prices",U.S. dollars,Units,"See notes for:  Gross domestic product, current prices (National currency) Population (Persons).","3,371,018",2015
Bolivia,"Gross domestic product per capita, current prices",U.S. dollars,Units,"See notes for:  Gross domestic product, current prices (National currency) Population (Persons).","3,591,403",2017
Bosnia and Herzegovina,"Gross domestic product per capita, current prices",U.S. dollars,Units,"See notes for:  Gross domestic product, current prices (National currency) Population (Persons).","6,120,156",2018
Botswana,"Gross domestic product per capita, current prices",U.S. dollars,Units,"See notes for:  Gross domestic product, current prices (National currency) Population (Persons).","7,219,460",2019
Brazil,"Gross domestic product per capita, current prices",U.S. dollars,Units,"See notes for:  Gross domestic product, current prices (National currency) Population (Persons).","8,935,756",2019
Brunei Darussalam,"Gross domestic product per capita, current prices",U.S. dollars,Units,"See notes for:  Gross domestic product, current prices (National currency) Population (Persons).","29,314,112",2020
Bulgaria,"Gross domestic product per capita, current prices",U.S. dollars,Units,"See notes for:  Gross domestic product, current prices (National currency) Population (Persons).","9,863,018",2020
Burkina Faso,"Gross domestic product per capita, current prices",U.S. dollars,Units,"See notes for:  Gross domestic product, current prices (National currency) Population (Persons).","786,929",2018
Burundi,"Gross domestic product per capita, current prices",U.S. dollars,Units,"See notes for:  Gross domestic product, current prices (National currency) Population (Persons).","261,294",2016
Cabo Verde,"Gross domestic product per capita, current prices",U.S. dollars,Units,"See notes for:  Gross domestic product, current prices (National currency) Population (Persons).","3,601,725",2018
Cambodia,"Gross domestic product per capita, current prices",U.S. dollars,Units,"See notes for:  Gross domestic product, current prices (National currency) Population (Persons).","1,736,422",2019
Cameroon,"Gross domestic product per capita, current prices",U.S. dollars,Units,"See notes for:  Gross domestic product, current prices (National currency) Population (Persons).","1,507,514",2019
Canada,"Gross domestic product per capita, current prices",U.S. dollars,Units,"See notes for:  Gross domestic product, current prices (National currency) Population (Persons).","46,399,714",2020
Central African Republic,"Gross domestic product per capita, current prices",U.S. dollars,Units,"See notes for:  Gross domestic product, current prices (National currency) Population (Persons).","479,846",2004
Chad,"Gross domestic product per capita, current prices",U.S. dollars,Units,"See notes for:  Gross domestic product, current prices (National currency) Population (Persons).","685,677",2004
Chile,"Gross domestic product per capita, current prices",U.S. dollars,Units,"See notes for:  Gross domestic product, current prices (National currency) Population (Persons).","14,619,502",2020
China,"Gross domestic product per capita, current prices",U.S. dollars,Units,"See notes for:  Gross domestic product, current prices (National currency) Population (Persons).","10,170,061",2020
Colombia,"Gross domestic product per capita, current prices",U.S. dollars,Units,"See notes for:  Gross domestic product, current prices (National currency) Population (Persons).","6,546,626",2020
Comoros,"Gross domestic product per capita, current prices",U.S. dollars,Units,"See notes for:  Gross domestic product, current prices (National currency) Population (Persons).","1,359,750",2015
Democratic Republic of the Congo,"Gross domestic product per capita, current prices",U.S. dollars,Units,"See notes for:  Gross domestic product, current prices (National currency) Population (Persons).","580,695",2020
Republic of Congo,"Gross domestic product per capita, current prices",U.S. dollars,Units,"See notes for:  Gross domestic product, current prices (National currency) Population (Persons).","2,800,291",2018
Costa Rica,"Gross domestic product per capita, current prices",U.S. dollars,Units,"See notes for:  Gross domestic product, current prices (National currency) Population (Persons).","12,623,193",2020
Côte d'Ivoire,"Gross domestic product per capita, current prices",U.S. dollars,Units,"See notes for:  Gross domestic product, current prices (National currency) Population (Persons).","2,227,982",2015
Croatia,"Gross domestic product per capita, current prices",U.S. dollars,Units,"See notes for:  Gross domestic product, current prices (National currency) Population (Persons).","14,945,184",2020
Cyprus,"Gross domestic product per capita, current prices",U.S. dollars,Units,"See notes for:  Gross domestic product, current prices (National currency) Population (Persons).","28,487,981",2020
Czech Republic,"Gross domestic product per capita, current prices",U.S. dollars,Units,"See notes for:  Gross domestic product, current prices (National currency) Population (Persons).","23,709,181",2019
Denmark,"Gross domestic product per capita, current prices",U.S. dollars,Units,"See notes for:  Gross domestic product, current prices (National currency) Population (Persons).","59,861,612",2019
Djibouti,"Gross domestic product per capita, current prices",U.S. dollars,Units,"See notes for:  Gross domestic product, current prices (National currency) Population (Persons).","3,437,155",2018
Dominica,"Gross domestic product per capita, current prices",U.S. dollars,Units,"See notes for:  Gross domestic product, current prices (National currency) Population (Persons).","8,524,696",2011
Dominican Republic,"Gross domestic product per capita, current prices",U.S. dollars,Units,"See notes for:  Gross domestic product, current prices (National currency) Population (Persons).","8,595,611",2019
Ecuador,"Gross domestic product per capita, current prices",U.S. dollars,Units,"See notes for:  Gross domestic product, current prices (National currency) Population (Persons).","6,260,603",2020
Egypt,"Gross domestic product per capita, current prices",U.S. dollars,Units,"See notes for:  Gross domestic product, current prices (National currency) Population (Persons).","3,056,975",2020
El Salvador,"Gross domestic product per capita, current prices",U.S. dollars,Units,"See notes for:  Gross domestic product, current prices (National currency) Population (Persons).","4,167,440",2019
Equatorial Guinea,"Gross domestic product per capita, current prices",U.S. dollars,Units,"See notes for:  Gross domestic product, current prices (National currency) Population (Persons).","8,394,415",2015
Eritrea,"Gross domestic product per capita, current prices",U.S. dollars,Units,"See notes for:  Gross domestic product, current prices (National currency) Population (Persons).","566,731",2006
Estonia,"Gross domestic product per capita, current prices",U.S. dollars,Units,"See notes for:  Gross domestic product, current prices (National currency) Population (Persons).","23,400,469",2019
Eswatini,"Gross domestic product per capita, current prices",U.S. dollars,Units,"See notes for:  Gross domestic product, current prices (National currency) Population (Persons).","4,009,994",2017
Ethiopia,"Gross domestic product per capita, current prices",U.S. dollars,Units,"See notes for:  Gross domestic product, current prices (National currency) Population (Persons).","968,253",2016
Fiji,"Gross domestic product per capita, current prices",U.S. dollars,Units,"See notes for:  Gross domestic product, current prices (National currency) Population (Persons).","6,142,933",2017
Finland,"Gross domestic product per capita, current prices",U.S. dollars,Units,"See notes for:  Gross domestic product, current prices (National currency) Population (Persons).","48,716,216",2020
France,"Gross domestic product per capita, current prices",U.S. dollars,Units,"See notes for:  Gross domestic product, current prices (National currency) Population (Persons).","41,989,673",2020
Gabon,"Gross domestic product per capita, current prices",U.S. dollars,Units,"See notes for:  Gross domestic product, current prices (National currency) Population (Persons).","8,111,340",2004
The Gambia,"Gross domestic product per capita, current prices",U.S. dollars,Units,"See notes for:  Gross domestic product, current prices (National currency) Population (Persons).","768,921",2018
Georgia,"Gross domestic product per capita, current prices",U.S. dollars,Units,"See notes for:  Gross domestic product, current prices (National currency) Population (Persons).","4,693,660",2020
Germany,"Gross domestic product per capita, current prices",U.S. dollars,Units,"See notes for:  Gross domestic product, current prices (National currency) Population (Persons).","46,800,183",2020
Ghana,"Gross domestic product per capita, current prices",U.S. dollars,Units,"See notes for:  Gross domestic product, current prices (National currency) Population (Persons).","2,265,713",2018
Greece,"Gross domestic product per capita, current prices",U.S. dollars,Units,"See notes for:  Gross domestic product, current prices (National currency) Population (Persons).","19,147,461",2020
Grenada,"Gross domestic product per capita, current prices",U.S. dollars,Units,"See notes for:  Gross domestic product, current prices (National currency) Population (Persons).","10,608,380",2019
Guatemala,"Gross domestic product per capita, current prices",U.S. dollars,Units,"See notes for:  Gross domestic product, current prices (National currency) Population (Persons).","4,371,265",2020
Guinea,"Gross domestic product per capita, current prices",U.S. dollars,Units,"See notes for:  Gross domestic product, current prices (National currency) Population (Persons).","991,735",2014
Guinea-Bissau,"Gross domestic product per capita, current prices",U.S. dollars,Units,"See notes for:  Gross domestic product, current prices (National currency) Population (Persons).","810,558",2017
Guyana,"Gross domestic product per capita, current prices",U.S. dollars,Units,"See notes for:  Gross domestic product, current prices (National currency) Population (Persons).","6,594,375",2019
Haiti,"Gross domestic product per capita, current prices",U.S. dollars,Units,"See notes for:  Gross domestic product, current prices (National currency) Population (Persons).","1,277,213",2003
Honduras,"Gross domestic product per capita, current prices",U.S. dollars,Units,"See notes for:  Gross domestic product, current prices (National currency) Population (Persons).","2,567,967",2019
Hong Kong SAR,"Gross domestic product per capita, current prices",U.S. dollars,Units,"See notes for:  Gross domestic product, current prices (National currency) Population (Persons).","48,268,216",2020
Hungary,"Gross domestic product per capita, current prices",U.S. dollars,Units,"See notes for:  Gross domestic product, current prices (National currency) Population (Persons).","16,729,132",2020
Iceland,"Gross domestic product per capita, current prices",U.S. dollars,Units,"See notes for:  Gross domestic product, current prices (National currency) Population (Persons).","69,631,272",2018
India,"Gross domestic product per capita, current prices",U.S. dollars,Units,"See notes for:  Gross domestic product, current prices (National currency) Population (Persons).","2,098,933",2013
Indonesia,"Gross domestic product per capita, current prices",U.S. dollars,Units,"See notes for:  Gross domestic product, current prices (National currency) Population (Persons).","4,196,297",2020
Islamic Republic of Iran,"Gross domestic product per capita, current prices",U.S. dollars,Units,"See notes for:  Gross domestic product, current prices (National currency) Population (Persons).","6,980,744",2019
Iraq,"Gross domestic product per capita, current prices",U.S. dollars,Units,"See notes for:  Gross domestic product, current prices (National currency) Population (Persons).","5,981,102",2013
Ireland,"Gross domestic product per capita, current prices",U.S. dollars,Units,"See notes for:  Gross domestic product, current prices (National currency) Population (Persons).","80,632,329",2020
Israel,"Gross domestic product per capita, current prices",U.S. dollars,Units,"See notes for:  Gross domestic product, current prices (National currency) Population (Persons).","43,965,661",2020
Italy,"Gross domestic product per capita, current prices",U.S. dollars,Units,"See notes for:  Gross domestic product, current prices (National currency) Population (Persons).","33,521,343",2019
Jamaica,"Gross domestic product per capita, current prices",U.S. dollars,Units,"See notes for:  Gross domestic product, current prices (National currency) Population (Persons).","5,781,785",2019
Japan,"Gross domestic product per capita, current prices",U.S. dollars,Units,"See notes for:  Gross domestic product, current prices (National currency) Population (Persons).","40,689,791",2015
Jordan,"Gross domestic product per capita, current prices",U.S. dollars,Units,"See notes for:  Gross domestic product, current prices (National currency) Population (Persons).","4,425,687",2018
Kazakhstan,"Gross domestic product per capita, current prices",U.S. dollars,Units,"See notes for:  Gross domestic product, current prices (National currency) Population (Persons).","9,750,431",2019
Kenya,"Gross domestic product per capita, current prices",U.S. dollars,Units,"See notes for:  Gross domestic product, current prices (National currency) Population (Persons).","2,110,460",2019
Kiribati,"Gross domestic product per capita, current prices",U.S. dollars,Units,"See notes for:  Gross domestic product, current prices (National currency) Population (Persons).","1,695,298",2017
Korea,"Gross domestic product per capita, current prices",U.S. dollars,Units,"See notes for:  Gross domestic product, current prices (National currency) Population (Persons).","31,936,795",2020
Kosovo,"Gross domestic product per capita, current prices",U.S. dollars,Units,"See notes for:  Gross domestic product, current prices (National currency) Population (Persons).","4,462,718",2020
Kuwait,"Gross domestic product per capita, current prices",U.S. dollars,Units,"See notes for:  Gross domestic product, current prices (National currency) Population (Persons).","28,513,431",2020
Kyrgyz Republic,"Gross domestic product per capita, current prices",U.S. dollars,Units,"See notes for:  Gross domestic product, current prices (National currency) Population (Persons).","1,388,647",2019
Lao P.D.R.,"Gross domestic product per capita, current prices",U.S. dollars,Units,"See notes for:  Gross domestic product, current prices (National currency) Population (Persons).","2,618,182",2020
Latvia,"Gross domestic product per capita, current prices",U.S. dollars,Units,"See notes for:  Gross domestic product, current prices (National currency) Population (Persons).","17,739,474",2019
Lebanon,"Gross domestic product per capita, current prices",U.S. dollars,Units,"See notes for:  Gross domestic product, current prices (National currency) Population (Persons).","7,639,101",2019
Lesotho,"Gross domestic product per capita, current prices",U.S. dollars,Units,"See notes for:  Gross domestic product, current prices (National currency) Population (Persons).","1,087,591",2016
Liberia,"Gross domestic product per capita, current prices",U.S. dollars,Units,"See notes for:  Gross domestic product, current prices (National currency) Population (Persons).","672,882",2016
Libya,"Gross domestic product per capita, current prices",U.S. dollars,Units,"See notes for:  Gross domestic product, current prices (National currency) Population (Persons).","6,004,471",2014
Lithuania,"Gross domestic product per capita, current prices",U.S. dollars,Units,"See notes for:  Gross domestic product, current prices (National currency) Population (Persons).","19,557,385",2019
Luxembourg,"Gross domestic product per capita, current prices",U.S. dollars,Units,"See notes for:  Gross domestic product, current prices (National currency) Population (Persons).","115,838,953",2020
Macao SAR,"Gross domestic product per capita, current prices",U.S. dollars,Units,"See notes for:  Gross domestic product, current prices (National currency) Population (Persons).","81,156,614",2020
Madagascar,"Gross domestic product per capita, current prices",U.S. dollars,Units,"See notes for:  Gross domestic product, current prices (National currency) Population (Persons).","512,176",2010
Malawi,"Gross domestic product per capita, current prices",U.S. dollars,Units,"See notes for:  Gross domestic product, current prices (National currency) Population (Persons).","543,685",2016
Malaysia,"Gross domestic product per capita, current prices",U.S. dollars,Units,"See notes for:  Gross domestic product, current prices (National currency) Population (Persons).","11,231,411",2020
Maldives,"Gross domestic product per capita, current prices",U.S. dollars,Units,"See notes for:  Gross domestic product, current prices (National currency) Population (Persons).","15,148,804",2014
Mali,"Gross domestic product per capita, current prices",U.S. dollars,Units,"See notes for:  Gross domestic product, current prices (National currency) Population (Persons).","905,821",2017
Malta,"Gross domestic product per capita, current prices",U.S. dollars,Units,"See notes for:  Gross domestic product, current prices (National currency) Population (Persons).","31,865,843",2020
Marshall Islands,"Gross domestic product per capita, current prices",U.S. dollars,Units,"See notes for:  Gross domestic product, current prices (National currency) Population (Persons).","4,292,884",2018
Mauritania,"Gross domestic product per capita, current prices",U.S. dollars,Units,"See notes for:  Gross domestic product, current prices (National currency) Population (Persons).","1,943,797",2014
Mauritius,"Gross domestic product per capita, current prices",U.S. dollars,Units,"See notes for:  Gross domestic product, current prices (National currency) Population (Persons).","11,088,782",2018
Mexico,"Gross domestic product per capita, current prices",U.S. dollars,Units,"See notes for:  Gross domestic product, current prices (National currency) Population (Persons).","10,028,874",2020
Micronesia,"Gross domestic product per capita, current prices",U.S. dollars,Units,"See notes for:  Gross domestic product, current prices (National currency) Population (Persons).","3,952,282",2018
Moldova,"Gross domestic product per capita, current prices",U.S. dollars,Units,"See notes for:  Gross domestic product, current prices (National currency) Population (Persons).","4,464,117",2019
Mongolia,"Gross domestic product per capita, current prices",U.S. dollars,Units,"See notes for:  Gross domestic product, current prices (National currency) Population (Persons).","4,245,462",2020
Montenegro,"Gross domestic product per capita, current prices",U.S. dollars,Units,"See notes for:  Gross domestic product, current prices (National currency) Population (Persons).","8,911,273",2020
Morocco,"Gross domestic product per capita, current prices",U.S. dollars,Units,"See notes for:  Gross domestic product, current prices (National currency) Population (Persons).","3,368,386",2018
Mozambique,"Gross domestic product per capita, current prices",U.S. dollars,Units,"See notes for:  Gross domestic product, current prices (National currency) Population (Persons).","506,817",2015
Myanmar,"Gross domestic product per capita, current prices",U.S. dollars,Units,"See notes for:  Gross domestic product, current prices (National currency) Population (Persons).","1,302,277",2015
Namibia,"Gross domestic product per capita, current prices",U.S. dollars,Units,"See notes for:  Gross domestic product, current prices (National currency) Population (Persons).","5,109,122",2020
Nauru,"Gross domestic product per capita, current prices",U.S. dollars,Units,"See notes for:  Gross domestic product, current prices (National currency) Population (Persons).","9,365,095",2016
Nepal,"Gross domestic product per capita, current prices",U.S. dollars,Units,"See notes for:  Gross domestic product, current prices (National currency) Population (Persons).","1,200,965",2018
Netherlands,"Gross domestic product per capita, current prices",U.S. dollars,Units,"See notes for:  Gross domestic product, current prices (National currency) Population (Persons).","52,672,504",2020
New Zealand,"Gross domestic product per capita, current prices",U.S. dollars,Units,"See notes for:  Gross domestic product, current prices (National currency) Population (Persons).","42,210,227",2020
Nicaragua,"Gross domestic product per capita, current prices",U.S. dollars,Units,"See notes for:  Gross domestic product, current prices (National currency) Population (Persons).","1,934,143",2020
Niger,"Gross domestic product per capita, current prices",U.S. dollars,Units,"See notes for:  Gross domestic product, current prices (National currency) Population (Persons).","553,905",2009
Nigeria,"Gross domestic product per capita, current prices",U.S. dollars,Units,"See notes for:  Gross domestic product, current prices (National currency) Population (Persons).","2,229,854",2012
North Macedonia,"Gross domestic product per capita, current prices",U.S. dollars,Units,"See notes for:  Gross domestic product, current prices (National currency) Population (Persons).","6,044,439",2020
Norway,"Gross domestic product per capita, current prices",U.S. dollars,Units,"See notes for:  Gross domestic product, current prices (National currency) Population (Persons).","75,700,221",2020
Oman,"Gross domestic product per capita, current prices",U.S. dollars,Units,"See notes for:  Gross domestic product, current prices (National currency) Population (Persons).","16,529,391",2020
Pakistan,"Gross domestic product per capita, current prices",U.S. dollars,Units,"See notes for:  Gross domestic product, current prices (National currency) Population (Persons).","1,352,723",2020
Palau,"Gross domestic product per capita, current prices",U.S. dollars,Units,"See notes for:  Gross domestic product, current prices (National currency) Population (Persons).","15,725,084",2020
Panama,"Gross domestic product per capita, current prices",U.S. dollars,Units,"See notes for:  Gross domestic product, current prices (National currency) Population (Persons).","15,830,980",2020
Papua New Guinea,"Gross domestic product per capita, current prices",U.S. dollars,Units,"See notes for:  Gross domestic product, current prices (National currency) Population (Persons).","2,886,589",2019
Paraguay,"Gross domestic product per capita, current prices",U.S. dollars,Units,"See notes for:  Gross domestic product, current prices (National currency) Population (Persons).","5,299,667",2019
Peru,"Gross domestic product per capita, current prices",U.S. dollars,Units,"See notes for:  Gross domestic product, current prices (National currency) Population (Persons).","6,961,696",2018
Philippines,"Gross domestic product per capita, current prices",U.S. dollars,Units,"See notes for:  Gross domestic product, current prices (National currency) Population (Persons).","3,511,868",2020
Poland,"Gross domestic product per capita, current prices",U.S. dollars,Units,"See notes for:  Gross domestic product, current prices (National currency) Population (Persons).","15,726,878",2020
Portugal,"Gross domestic product per capita, current prices",U.S. dollars,Units,"See notes for:  Gross domestic product, current prices (National currency) Population (Persons).","23,333,317",2020
Puerto Rico,"Gross domestic product per capita, current prices",U.S. dollars,Units,"See notes for:  Gross domestic product, current prices (National currency) Population (Persons).","32,785,938",2020
Qatar,"Gross domestic product per capita, current prices",U.S. dollars,Units,"See notes for:  Gross domestic product, current prices (National currency) Population (Persons).","62,817,059",2020
Romania,"Gross domestic product per capita, current prices",U.S. dollars,Units,"See notes for:  Gross domestic product, current prices (National currency) Population (Persons).","12,861,283",2020
Russia,"Gross domestic product per capita, current prices",U.S. dollars,Units,"See notes for:  Gross domestic product, current prices (National currency) Population (Persons).","11,516,604",2020
Rwanda,"Gross domestic product per capita, current prices",U.S. dollars,Units,"See notes for:  Gross domestic product, current prices (National currency) Population (Persons).","835,187",2012
Samoa,"Gross domestic product per capita, current prices",U.S. dollars,Units,"See notes for:  Gross domestic product, current prices (National currency) Population (Persons).","4,291,250",2016
San Marino,"Gross domestic product per capita, current prices",U.S. dollars,Units,"See notes for:  Gross domestic product, current prices (National currency) Population (Persons).","48,367,995",2019
São Tomé and Príncipe,"Gross domestic product per capita, current prices",U.S. dollars,Units,"See notes for:  Gross domestic product, current prices (National currency) Population (Persons).","2,021,926",2011
Saudi Arabia,"Gross domestic product per capita, current prices",U.S. dollars,Units,"See notes for:  Gross domestic product, current prices (National currency) Population (Persons).","23,173,841",2020
Senegal,"Gross domestic product per capita, current prices",U.S. dollars,Units,"See notes for:  Gross domestic product, current prices (National currency) Population (Persons).","1,430,209",2019
Serbia,"Gross domestic product per capita, current prices",U.S. dollars,Units,"See notes for:  Gross domestic product, current prices (National currency) Population (Persons).","7,391,841",2020
Seychelles,"Gross domestic product per capita, current prices",U.S. dollars,Units,"See notes for:  Gross domestic product, current prices (National currency) Population (Persons).","16,389,253",2015
Sierra Leone,"Gross domestic product per capita, current prices",U.S. dollars,Units,"See notes for:  Gross domestic product, current prices (National currency) Population (Persons).","527,171",2017
Singapore,"Gross domestic product per capita, current prices",U.S. dollars,Units,"See notes for:  Gross domestic product, current prices (National currency) Population (Persons).","65,641,309",2020
Slovak Republic,"Gross domestic product per capita, current prices",U.S. dollars,Units,"See notes for:  Gross domestic product, current prices (National currency) Population (Persons).","19,288,568",2019
Slovenia,"Gross domestic product per capita, current prices",U.S. dollars,Units,"See notes for:  Gross domestic product, current prices (National currency) Population (Persons).","26,039,096",2020
Solomon Islands,"Gross domestic product per capita, current prices",U.S. dollars,Units,"See notes for:  Gross domestic product, current prices (National currency) Population (Persons).","2,356,619",2015
Somalia,"Gross domestic product per capita, current prices",U.S. dollars,Units,"See notes for:  Gross domestic product, current prices (National currency) Population (Persons).","346,156",2013
South Africa,"Gross domestic product per capita, current prices",U.S. dollars,Units,"See notes for:  Gross domestic product, current prices (National currency) Population (Persons).","6,598,879",2020
South Sudan,"Gross domestic product per capita, current prices",U.S. dollars,Units,"See notes for:  Gross domestic product, current prices (National currency) Population (Persons).","343,006",2008
Spain,"Gross domestic product per capita, current prices",U.S. dollars,Units,"See notes for:  Gross domestic product, current prices (National currency) Population (Persons).","29,576,250",2020
Sri Lanka,"Gross domestic product per capita, current prices",U.S. dollars,Units,"See notes for:  Gross domestic product, current prices (National currency) Population (Persons).","3,851,666",2019
St. Kitts and Nevis,"Gross domestic product per capita, current prices",U.S. dollars,Units,"See notes for:  Gross domestic product, current prices (National currency) Population (Persons).","20,602,480",2015
St. Lucia,"Gross domestic product per capita, current prices",U.S. dollars,Units,"See notes for:  Gross domestic product, current prices (National currency) Population (Persons).","11,782,752",2015
St. Vincent and the Grenadines,"Gross domestic product per capita, current prices",U.S. dollars,Units,"See notes for:  Gross domestic product, current prices (National currency) Population (Persons).","7,470,714",2016
Sudan,"Gross domestic product per capita, current prices",U.S. dollars,Units,"See notes for:  Gross domestic product, current prices (National currency) Population (Persons).","776,549",2011
Suriname,"Gross domestic product per capita, current prices",U.S. dollars,Units,"See notes for:  Gross domestic product, current prices (National currency) Population (Persons).","6,662,874",2020
Sweden,"Gross domestic product per capita, current prices",U.S. dollars,Units,"See notes for:  Gross domestic product, current prices (National currency) Population (Persons).","51,694,498",2020
Switzerland,"Gross domestic product per capita, current prices",U.S. dollars,Units,"See notes for:  Gross domestic product, current prices (National currency) Population (Persons).","85,721,728",2020
Taiwan Province of China,"Gross domestic product per capita, current prices",U.S. dollars,Units,"See notes for:  Gross domestic product, current prices (National currency) Population (Persons).","25,935,899",2020
Tajikistan,"Gross domestic product per capita, current prices",U.S. dollars,Units,"See notes for:  Gross domestic product, current prices (National currency) Population (Persons).","873,499",2014
Tanzania,"Gross domestic product per capita, current prices",U.S. dollars,Units,"See notes for:  Gross domestic product, current prices (National currency) Population (Persons).","1,079,684",2012
Thailand,"Gross domestic product per capita, current prices",U.S. dollars,Units,"See notes for:  Gross domestic product, current prices (National currency) Population (Persons).","7,816,230",2019
Timor-Leste,"Gross domestic product per capita, current prices",U.S. dollars,Units,"See notes for:  Gross domestic product, current prices (National currency) Population (Persons).","1,560,509",2019
Togo,"Gross domestic product per capita, current prices",U.S. dollars,Units,"See notes for:  Gross domestic product, current prices (National currency) Population (Persons).","893,161",2016
Tonga,"Gross domestic product per capita, current prices",U.S. dollars,Units,"See notes for:  Gross domestic product, current prices (National currency) Population (Persons).","5,150,551",2020
Trinidad and Tobago,"Gross domestic product per capita, current prices",U.S. dollars,Units,"See notes for:  Gross domestic product, current prices (National currency) Population (Persons).","16,637,108",2019
Tunisia,"Gross domestic product per capita, current prices",U.S. dollars,Units,"See notes for:  Gross domestic product, current prices (National currency) Population (Persons).","3,324,127",2019
Turkey,"Gross domestic product per capita, current prices",U.S. dollars,Units,"See notes for:  Gross domestic product, current prices (National currency) Population (Persons).","9,145,769",2020
Turkmenistan,"Gross domestic product per capita, current prices",U.S. dollars,Units,"See notes for:  Gross domestic product, current prices (National currency) Population (Persons).","7,899,961",2004
Tuvalu,"Gross domestic product per capita, current prices",U.S. dollars,Units,"See notes for:  Gross domestic product, current prices (National currency) Population (Persons).","5,052,111",2017
Uganda,"Gross domestic product per capita, current prices",U.S. dollars,Units,"See notes for:  Gross domestic product, current prices (National currency) Population (Persons).","954,253",2016
Ukraine,"Gross domestic product per capita, current prices",U.S. dollars,Units,"See notes for:  Gross domestic product, current prices (National currency) Population (Persons).","3,690,071",2020
United Arab Emirates,"Gross domestic product per capita, current prices",U.S. dollars,Units,"See notes for:  Gross domestic product, current prices (National currency) Population (Persons).","43,900,150",2020
United Kingdom,"Gross domestic product per capita, current prices",U.S. dollars,Units,"See notes for:  Gross domestic product, current prices (National currency) Population (Persons).","42,416,598",2019
United States,"Gross domestic product per capita, current prices",U.S. dollars,Units,"See notes for:  Gross domestic product, current prices (National currency) Population (Persons).","65,051,880",2020
Uruguay,"Gross domestic product per capita, current prices",U.S. dollars,Units,"See notes for:  Gross domestic product, current prices (National currency) Population (Persons).","17,601,265",2015
Uzbekistan,"Gross domestic product per capita, current prices",U.S. dollars,Units,"See notes for:  Gross domestic product, current prices (National currency) Population (Persons).","1,801,428",2020
Vanuatu,"Gross domestic product per capita, current prices",U.S. dollars,Units,"See notes for:  Gross domestic product, current prices (National currency) Population (Persons).","3,147,047",2018
Venezuela,"Gross domestic product per capita, current prices",U.S. dollars,Units,"See notes for:  Gross domestic product, current prices (National currency) Population (Persons).","2,299,308",2010
Vietnam,"Gross domestic product per capita, current prices",U.S. dollars,Units,"See notes for:  Gross domestic product, current prices (National currency) Population (Persons).","3,398,214",2019
West Bank and Gaza,"Gross domestic product per capita, current prices",U.S. dollars,Units,"See notes for:  Gross domestic product, current prices (National currency) Population (Persons).","3,442,754",2020
Yemen,"Gross domestic product per capita, current prices",U.S. dollars,Units,"See notes for:  Gross domestic product, current prices (National currency) Population (Persons).","691,587",2019
Zambia,"Gross domestic product per capita, current prices",U.S. dollars,Units,"See notes for:  Gross domestic product, current prices (National currency) Population (Persons).","1,272,238",2019
Zimbabwe,"Gross domestic product per capita, current prices",U.S. dollars,Units,"See notes for:  Gross domestic product, current prices (National currency) Population (Persons).","1,314,090",2017
,,,,,,
"International Monetary Fund, World Economic Outlook Database, October 2021",,,,,,
